,p1,p2,p3,p4,p5,p6,p7,p8,p9,p10,Y
0,1.0135876879268668,0.16301126406469701,0.7595757946269495,-0.001631106268153317,-0.5281717522634557,-1.9368174491726142,-1.6378786718886074,-1.941110044169821,-1.4389164017175962,0.6636600249916753,1
1,2.3229733905323817,1.733743037831801,1.667939466002528,0.7900810480811563,-0.3224172040135075,-1.3754412393182365,-1.6839664083082255,-1.0214676164260958,-0.997769285486114,-0.5840751409941947,1
2,-0.35332420181062574,-0.7826691328059378,-0.7740857229076253,-1.709855157166694,0.9015907205927955,1.1703412732265221,0.3980568760629026,0.9459510811440855,0.666545778191407,1.0817847352372356,1
3,-0.09739142444950272,0.8790981421996396,0.11926119950122174,0.353676897318314,-0.6871727001195994,0.0012031308595480195,0.20805678668745467,0.35839727759089435,1.8904119919131714,0.22072138560635615,1
4,0.7328455794554014,1.0477036029304116,-0.536937537610388,1.563317598868454,-0.7471582937508376,1.2189974550372533,-0.3748878868354114,-0.2514803313333129,-0.11176109709543591,0.262107759733942,1
5,0.15055688459653022,0.8321548013850784,-0.39995097346048536,0.5311511078430717,-1.1425181980221402,-0.4534546674086636,0.40028787327561294,-0.6479820263932574,-0.2750705117817791,-0.18633531790658459,1
6,-0.6913241973308871,-1.8964651289163048,-1.4469722343028009,0.07284458211939761,0.5129298204180088,0.39582366975832556,0.9096292530671816,-0.8310495555684236,1.4621663285478796,0.9852009660882378,1
7,0.5921014236113371,0.7743339284459149,-0.2995744329756859,0.5284002096315602,0.16003706944783047,1.6727436248473377,-0.14730214214628728,0.9981738739669909,1.1945142881112598,1.8748990736777158,1
8,0.28014647173079305,0.7703432665266576,-0.39660038405124776,-0.019036597730328418,0.1865613909882843,0.43155407144101277,-0.07346042135840636,0.3227023181716515,0.37274629263475617,-0.19246906716586523,1
9,0.11295726844008659,0.1701845590791201,-0.4561273434998697,-0.41253048666562275,-0.3752849500901142,-1.3326463761383152,-0.8866655154798959,-0.4035574326070752,-1.0565140742750978,-0.9640055838284555,1
10,-1.6385521737512416,-0.7257303779735066,-0.27712510303890175,-1.2308257048468363,0.4034916417908,0.7217563177236219,0.6075107122284958,0.07527249634956029,-0.11094632044171115,0.4381282791698277,1
11,-0.03449068143399146,-0.08463143882158836,0.3691364850556434,-1.2466358696476512,0.8461606475850334,0.520006491090609,0.4877405142994487,0.699645849184334,1.8106437335933676,1.8000239255368806,1
12,-0.5249578119802254,1.490530679253913,0.5738458537352097,0.9118575503096855,1.2737559301587766,1.2631725954175201,0.9432884662760411,-0.3991329399436556,-1.4191114974319148,-0.2928755641767792,1
13,0.9629342489657504,0.3424957958871908,0.8743380272778408,-0.2700033623453017,-1.2300581356669618,0.4883307483100234,-0.10570952980210326,-0.5261330667108917,0.32639196526477465,0.5178211998776885,1
14,0.40466714521864633,0.36643175665383787,-0.5338652320788766,0.08451502991964785,0.8688861570058679,0.6191183168356625,0.1133621292614934,-0.11249678003535235,0.12693703417696683,-0.024339080735892638,1
15,2.195187686230195,1.1870173120355616,2.2182411285396926,2.099186940764883,1.038824601859414,1.6233827960169296,-0.204275209551601,-0.05837926926268817,-0.05553124171951618,-0.10411997626810127,1
16,1.091472680565267,-0.4077301616112894,1.1277996216887785,1.3413335230242203,0.2487991613877705,0.2129273069424423,0.6247476233726406,-0.95866873853819,1.3242412490491593,0.7994507831151421,1
17,-0.6859462768818048,-0.9062393997159359,-0.48562915916079574,-0.7729370226368146,2.528325706806398,0.3438490713768768,0.869857010130895,-0.3108770293873998,0.5064972552300409,1.0961712526445004,1
18,-0.31551595253708764,-0.2675479722833868,-0.3245990596177446,-0.08386196738001238,0.5031848134353261,1.803627636804297,0.6598883951558359,0.4245476266241204,0.7632847486857244,1.277250458868197,1
19,0.11147428823523187,0.17637130759050756,-0.9382831810313407,-0.5180009773842812,1.9046587083409812,-0.19610043610193656,-1.7068268786275504,-1.6909427025286154,-0.8207134022786027,-0.07938853801129309,1
20,-1.4670841260239786,0.749792537257787,-0.49894369307485714,-1.3894992772379056,-0.5623054310190898,1.5468923651220583,-1.4173075814848644,1.183708711196817,-0.10407991309167408,0.34338097891391867,1
21,0.30406349860807946,1.388486883461837,1.4941599772412608,1.0592032942860332,1.114382976779792,-0.11804488605751977,0.9499621338774005,-0.5536001805242385,0.9120868450781444,0.07412320622810126,1
22,-1.1443894123047598,-0.26590212242699174,0.00966156880950169,-0.18917629407939504,1.5588055406198593,-1.1832914330325546,-0.21072183059519148,-0.7270049912128604,-1.4813101335338903,-2.6600904796565885,1
23,-0.233329949691442,0.34136015252611507,-0.040259375218298886,-0.7060138934174254,0.6610202875986929,0.9454894327575114,-1.4408099736873206,0.7766227657027273,-1.0134676904752757,-0.20768923824089447,1
24,-0.2815911853692991,-0.33219111192540024,1.0201875387651955,0.5770156080645578,-0.0018914828380037015,-0.49738574672703917,1.0936964166378136,-0.4758114739479178,1.3900887478851167,0.4189848909498414,1
25,0.4068264687163183,-0.2427330572384736,-0.009888024426962457,0.5757739757454199,-2.79308500014654,1.4926267605630934,0.14359723270102073,-1.0664068871552081,-0.42187400113292556,1.1881866146088127,1
26,1.2882436157674653,0.7554391637030197,1.2592372778184866,1.521704723281755,0.7950260944248447,-0.3190953543932213,0.6676956448241543,-0.2653825223607268,0.039742608128160224,-0.5343592173755514,1
27,-1.757355529959426,-0.23285789223677875,-2.0612848431732926,-0.8290317723448568,0.7588056600979309,-0.08790099609026833,-1.7184070372851812,-0.08771110398264338,-0.49319340394937805,-0.8506198144122558,1
28,0.3830829660011937,0.3802039223718648,0.221525136936397,0.3987128572123574,0.0954250871912577,1.188442378466718,0.6131869807044065,0.9665336182308208,-0.14189427784763828,0.4020622256966897,1
29,-0.006826689963625096,0.4004493705913064,-0.49934927259364537,0.2854213784219441,0.4923365559366488,-0.28597518889105816,0.285981024661189,0.5225382576892855,-0.3832696662720582,0.5833429074346925,1
30,0.9921399187520138,0.8737249466619177,1.7405177055178973,1.0458241102306711,-0.8301718953151139,-2.1570750536225045,-0.6681018714721259,-1.7521660908795906,-1.1324504226802596,-2.290950957426127,1
31,1.6146785667118435,-1.3610123824407057,-0.5839084392064153,-0.6350968868140796,1.3887793963702684,-1.288462144048316,-0.09601289196395196,-0.6968805808707036,-1.349003460557442,-0.9205975169974094,1
32,1.0106310342293463,1.1705249045454882,-0.42632678736868396,0.7663592803860095,0.28267571224842025,-0.4171423068807707,0.47477694276586524,0.6308846529231922,0.3194633919999422,-0.4813447613588313,1
33,0.0015368268105933867,-2.4041633113500365,0.3980509435327022,-1.544538237943753,-0.9970197955296825,-0.40694464091195187,-1.253802452006007,1.6538833716754269,-1.0543816403605368,-0.6357656043244285,1
34,-1.0781209553043694,-1.6672671915736168,-0.5617461515411539,-0.7359264958491445,-0.4422292795131728,0.523470989284591,0.19555932595091766,0.12374714407128573,0.5644837838540623,0.187010380514893,1
35,-1.1568220338846984,-0.9724147640024727,-0.2949471671458262,-0.4851681922306877,-0.19505734087590118,-0.2730656204545905,-1.1066428102300527,-0.7667159076014672,-1.1963616107280683,-0.5694197863547145,1
36,-0.8872655567954443,-0.5069957722889586,0.60344172891819,-2.179092738734732,-1.9433234056683528,0.6547705653712556,0.8991752565102693,-0.10104545246750678,0.5349056471512436,0.17136175651062058,1
37,1.494049686625835,0.4086929840209131,0.18243403269746114,-0.6030999642227742,0.8532812219556223,-0.27815755224989097,1.1479471278316133,-0.009303828657408763,-1.5287244214171045,0.5835642723372997,1
38,0.35048269538715027,-0.46183980886950643,0.08749881858323197,-0.08796015007852061,-1.5387932457446432,-0.9437755134060455,-0.6875469920035855,-0.11343395438615998,-1.0543815041598235,-0.5033706663498403,1
39,-2.0234698470773975,0.02945492866968566,-2.2586902241318234,-1.3380751060768672,-0.4753728751379821,1.4070722788697119,0.7695466475024483,1.8035569423439701,1.5698311095004425,-0.024981592098634264,1
40,-0.3193300189181947,0.6634265888022948,0.12226800402849783,-0.70790085999421,0.3672318138838647,1.791790855733689,0.09019666706415934,1.4762486271830326,1.6982162948566784,0.0037322605398716624,1
41,-3.1036544944813587,-2.3421520864101812,-1.086400829703226,0.02944027822094245,1.7602492264490932,0.17987197166814056,-0.9460544993937396,0.39988011159556774,0.6259504178315138,0.8315118764122478,1
42,-0.01727899204156824,-1.9426379566989878,-1.7460734213236062,-1.3959062624953273,-0.3748046873026527,-0.29712118422407874,0.1533901663162663,0.48173990236178715,0.44801673142358195,0.0999806295179183,1
43,-0.17970954459256724,-0.08283443245493316,-2.1496508886234844,-1.1159640206839834,0.8408615581411037,-1.0011378369500787,-0.8109089503799825,-1.4804150634250661,-0.6266630131242769,-0.7612063712213064,1
44,1.1284976362469838,2.2408283958846904,0.4776289079413143,1.478510331621615,-1.1601701049822761,0.5043194306050081,-0.6546807804549879,-0.04165741903844661,-0.5145767840566765,-1.0412199255880794,1
45,-0.21096700427700343,-1.4511492071529688,-1.2977216711056387,-0.5760103789929464,0.6743961048208689,-0.04461405703079725,-0.19004215577049866,1.146699327610035,0.4376980497094133,0.7115923347054991,1
46,0.748248188524675,0.511296968987341,0.06896621374573787,1.8343013142648092,1.0449944096738975,0.6512428312847014,0.24158963919798196,-0.4123361076265974,0.5014436502931612,0.349981706371522,1
47,-0.1626491647530245,-0.2218005730425824,1.0811831537311782,-0.32114599172195835,-0.19899818380372442,0.5782738196073336,-1.8400855940446268,-0.3149375710099909,-0.07328161058614613,-1.3609006789172209,1
48,1.775993181029906,0.05291794393138574,-0.003986736734242287,1.7006074346381643,-0.7673098263317347,0.02739816121980353,0.172471288825135,-1.4686288628881838,-0.3074281452698131,-0.4200015125988845,1
49,-1.465245203566763,-0.18609917140666124,0.9477885975720858,-1.2892979135403846,-0.4148469012882354,0.36743543491504943,-0.17672572113298704,0.3053980793529902,-0.7400117337057526,0.6519022577234187,1
50,-0.20375207319957223,0.32875573185326734,-0.19766125790662534,-0.10797485058403516,-0.7995474906917599,1.1474166181168695,1.2969121747076218,1.8823852624721022,1.224853133316906,1.107618977148964,1
51,0.26895913821548034,0.3420560302786005,-0.8955057631187957,-0.3380663102607623,0.1698692553475717,-2.048202178176016,-1.7981510537967391,-0.8839687957340459,-0.7896887344717801,-1.0400837252405069,1
52,1.0185377317977833,1.0429945623590124,0.12484681138264668,-0.4797561577817292,0.12837699015594436,-0.0042633414103317,-0.6041147609688837,-2.2170763089424974,-1.445620092099249,-1.3171638112721529,1
53,0.46037105264514927,0.9052490403153792,0.768585063940609,0.41517508107359474,-0.2516742076314244,-1.0135029287600024,-1.204499730883962,-0.7708726198519976,-2.476207517304151,-0.8126834910759139,1
54,-0.7854963666231456,0.3661039474375291,0.7518704573908981,1.9808260430415952,-1.5657381506559054,0.9700083294295468,-0.8272162789997072,-0.32197145515170555,0.9511155874655914,0.8721173257225887,1
55,1.1064314857482267,1.4365025389251662,0.38169404154959846,1.8518543853753384,1.0112070637749084,-0.7962669156814416,0.8419633966559967,0.8609865903673213,-0.02769615225357655,-0.19102038229375468,1
56,-0.8922771745902882,0.49190349174099063,0.367418836531489,0.47476213035507864,1.3863142642463189,-0.31428195095478745,1.512146419559046,-0.36699045712935807,-1.6891654223067638,-2.4464562844789173,1
57,-0.4222954813588104,0.09721952272965544,-0.7820297208233683,-0.9305195238827619,0.37167029121186534,1.5282162845536973,0.4578511793513575,-0.003088080993983151,-0.14597415822040585,-0.05565430063718996,1
58,1.2088511112123823,-1.1922493742689906,1.3744688365049311,0.5993985494314964,-1.1134361029729902,-0.6468402641434444,0.0013583708914924049,-1.3652022943661555,-1.0392356742977533,0.028887757159470586,1
59,0.2657803509863652,1.0368741548263718,-0.6557396229009246,0.3306125573111395,0.5109377744920892,1.5433198998337028,1.1679734484187303,0.13752608709201047,-0.25586351951813985,-0.28594413319008716,1
60,-1.2863805385679807,0.7559825602117464,-0.4833302865019444,-0.5521007495805829,-0.952062100706259,0.5034105354918935,0.8288160448344779,1.3905675548072656,0.08761469391151641,1.3451639534804998,1
61,-1.988038843338814,-0.7534879826777418,0.30364505035671097,-0.7499010233436039,0.7852269196346882,-0.6817095129015107,-0.21366289454872955,-1.026877072290653,-0.0855630720031821,0.7017614736829768,1
62,1.9843905530884898,0.38956462133719777,1.7478589343660835,1.6459268951024835,1.167075165999964,-0.3295898005327407,0.04941155402044244,-0.9628206783477554,-0.13905653833694506,-0.14045009536265302,1
63,-0.6835271777077766,-0.7720014298979617,-0.6744646132721863,-0.16415701652693043,-0.039178256209496685,0.6924380617179445,0.9498710461191208,1.5343234307182643,0.5607960385804474,0.4481459367739551,1
64,-1.4832660149210752,-0.7308979128887421,-0.028161500364635127,-1.1452721928037477,-1.0971543602553622,-0.2325410990372812,-1.1775028485682142,0.10662477677198934,-0.6007561702668592,-1.910526080287293,1
65,-0.8878919402746983,-1.4278144690513161,-0.29168070722942285,-0.2513092762065835,1.5754679085723808,-0.3396011551497201,-1.0449789971629686,-1.6538028668720275,-1.696599844260237,-0.7786521128442485,1
66,2.630589836727644,2.2479283482834926,1.3001409684082685,2.6472464330787657,-0.45611755514868535,-0.5372733548854121,-0.07830414607470407,0.852782355301738,-0.22525478686275568,0.40036821034095726,1
67,-0.6212659119018752,0.38012750821041763,-0.011689172886375157,-0.030920806984012384,0.41026574539684446,2.0118976177868744,1.5981669884201894,1.1344334400017155,1.3173292315093437,1.278510046475596,1
68,1.9630436244321399,0.4765971294980565,0.04129257358269248,0.668729656335803,-1.1958615103244818,1.2767242427472558,-1.2701527588565618,-1.231962328032119,-0.43713453240538813,0.12154111719747204,1
69,-0.020127195224959038,-0.06654371259511144,-0.28351165816689633,0.9470465417878281,-0.49112513779081807,0.8029369375203409,1.0332159292969503,0.8275981516947417,-0.23888298947402703,1.1648915555839685,1
70,-1.2598947044911377,-1.7274070465088438,-1.0924915993097433,0.2100439371764367,-0.05936790254849916,1.5289723747486201,-0.0641144110896006,1.0957719838756426,0.592239508893416,-0.09011440527525894,1
71,1.9986008488885436,1.6517717093210653,1.4154652025701995,2.22292111957547,-0.03181717269879145,0.5300620331100886,1.0726733486057067,0.41935820773002924,0.6979339361967581,-0.42543483497132717,1
72,-1.5270606037113197,0.11603273901488301,-0.8073257643775107,-0.7779081454067451,-0.5039739491423175,1.6200402318631257,1.7903737432101403,1.6241048888977971,1.501522570909612,1.5073782093991386,1
73,-0.8062937268432828,-1.196940066572923,0.19758527030502165,-0.4899021227551526,3.3210787561703645,-1.12804729256869,-0.9065267427494095,0.4105419743443327,-2.2264021966595755,0.1082769481092612,1
74,-0.8836421872289947,-1.188564947131633,-0.5625108192201885,-0.5585099772448131,-1.5569415578650314,-0.4433084925164315,-0.14870259682717424,-0.32170703522331334,0.05405282980679309,0.5798348925975274,1
75,0.3616203742795383,-0.2464306522359919,0.29517324564941466,-0.4091770858740441,1.2935496206633084,-1.4678424227892788,-1.7930602979068024,-0.714997324942304,-0.8614030487204569,-1.1136765149095682,1
76,1.280932762897817,0.570496021123737,0.7718801200803458,1.0092128194199423,-1.0903383324548148,-0.11697122410791008,-2.146605296894281,-0.6764504888523903,-2.756101675176974,-0.26519442972822127,1
77,0.05463232544281736,-1.9197261706688364,0.24318892393922606,-0.690992919208723,0.9544956665476875,0.07407612261704079,-0.39655458008060734,0.09583504614505776,0.5445274545581322,-0.2502813054692536,1
78,1.6206562585465907,1.1236700067695997,0.35295166633403197,0.40201335870713484,-0.3592240957107388,-0.20539590679027797,-1.8363575033470387,-0.004761849238861774,-0.6829456365220046,0.10432346101785428,1
79,0.3889500812991373,-0.6982018356219419,-0.06597254407855911,-0.7688929469887277,0.425920176502816,1.6471523514261146,1.3561192074652269,0.8263067484504331,1.6652841453439697,2.585693461011656,1
80,-0.6736186598693438,0.29964091510946606,-1.972761386560862,-0.12132349198735232,-1.4640535735805917,-0.7284962856344004,-0.9987961494767947,-0.39677079153638906,-0.26895326662467667,-0.7609208840199623,1
81,2.3030835491057497,0.33369082766744673,0.4725787866413672,0.2483430145178687,0.13224777891978462,0.08463854519570056,1.0700568717525438,0.21351064595588004,0.011463171100687883,0.8246340225634242,1
82,-1.3255955553196308,-0.8001682790553726,-0.5094063712755137,-0.051459294965771916,-0.1221540151116833,-0.7061457504895724,-0.004125631297170142,-0.39149345395450813,-0.3484759257097316,0.0725537314085618,1
83,-0.5442161490838311,-0.0024492374645661797,-0.7235380144141009,-0.5380023934475455,-0.03681765651702741,-0.04261581181693064,0.15746239795758668,-0.13549262104945814,0.21026348411462006,-0.758036870104986,1
84,-0.16264806244165123,-0.06815692911421974,-0.4428238251802638,-1.46234367458598,0.5992132354592584,-2.0885669375758087,-0.06313894741066857,-0.4917738793631165,-0.7932004619985134,-2.356856559767847,1
85,0.7890935982651256,0.038415757091451584,0.16386132394216407,0.5174285399447931,-0.03599018172719132,0.24941105744152992,0.9745208012725625,-1.259896220684075,-0.5420293873593434,-1.4543561682504162,1
86,-0.4558207502466396,0.02732664932921404,0.0725919811113057,-0.18787407775407408,0.4905610438096389,-0.12507475769356394,0.8700740961786019,0.6659108907496893,1.136658324066122,1.23932999800757,1
87,1.3836096123093224,1.7918049552874908,1.486531161498131,0.749241533738199,1.6571246380429256,0.07528961524384518,-0.5132506050098123,-1.3665640663117888,-1.138531909149993,-1.163573819262158,1
88,-1.3013238945492087,-1.2514339206910456,-1.2386469401771807,0.4668365775782616,0.09499611006916124,-0.18891161982073573,-0.6056523725125066,-0.17732839314633198,0.01309156182267781,-0.24111432280586909,1
89,-0.7990376856243705,-0.39393761055264287,1.6292343785481331,0.1709099181549791,-3.053764380426305,-0.005267697139164771,-0.45186181368696265,-0.22298534334883485,0.16667616894380108,-1.0303262339432047,1
90,-0.18379217859246363,-0.41543404567727377,0.2794547373028655,-0.3265265832357322,0.612232523128053,0.8171180609644314,0.4207836350683169,-1.3791881404472315,0.61816603748848,1.2531789827570066,1
91,-0.3833007734222138,-1.6766225524499239,-0.8127824202530165,-0.5108223748468717,-1.0455342473768945,-0.6748263781984037,-0.6603593179249432,-0.693779709110094,-1.1073333058201242,-1.3613414394481875,1
92,-0.104165203338752,0.34834978917932774,1.1982855605778555,0.32739791092589454,1.3797581916062172,-0.38118919595910683,-1.0575416207369919,-0.972118152808217,-0.5038707354337879,-0.8963433011957543,1
93,-0.8194559760245378,-0.8981491170255773,-0.9772904307342132,-0.027481615522883925,-0.8801890645415797,-1.2759197966521356,-1.7504439348402427,-2.063107672646418,-1.044106573272207,-0.18593608102904624,1
94,0.2516236847400111,-0.517370691139045,0.14402908092850575,0.7850149473120119,0.9351477795910749,0.3183102705541154,-1.9813207261339343,-1.5471960981817554,-0.36778636265840114,-0.5621719489894472,1
95,-0.7652690790869923,0.6588344825030182,-0.5118917103779629,-0.11955679925365538,0.43499832426284113,0.723400520911527,0.1294665106776366,-0.6102607574850257,-0.057560698516333816,0.5529448079031727,1
96,-1.2106035825913195,-0.6670284681011982,0.43127089655363576,-0.22333227197134214,-0.3145638619172873,-0.9312584370514072,0.08714952457765097,0.06660697484029945,0.3616759212787043,0.012828970895019248,1
97,0.907371160823348,-0.41359555944828663,-0.0028056168480022586,-0.4292342344815246,-0.8399889146122471,-1.53975449860119,-0.5159066502608396,1.1739144336770406,1.2830832226362854,-0.8325438859647973,1
98,0.6573334707107087,0.571682819674918,0.4580023190629889,1.3907237327510806,0.1751677292180687,-0.48334782962693545,-0.4614846151117896,-0.27818116520939234,-0.7841395381434102,-0.240455713323454,1
99,0.8856753893323136,-0.27651446429878235,-0.07979440088891698,-0.14941894034404607,0.38560229234432525,0.32991384163583765,-1.110039182545105,0.520687130439665,0.631167705740365,-0.9935950342734412,1
100,0.9977251690194351,3.106055593979197,1.489868741186522,2.098617823528224,0.5079843366153792,-0.08623981853432101,-0.590870234736987,0.2616192192419989,0.7284201057320303,0.28055183085797064,1
101,2.0279681088288384,0.0709512965601838,1.840131266980447,0.33523998320093484,-1.4092092764721913,0.21325310414618845,-0.5302317579998667,-0.013101858475798669,-1.886837835498518,-0.2924836598545034,1
102,0.8281695207325616,-0.029646127382160672,-0.589891992337842,1.4401054951026189,-0.2301140634512672,-0.03386852664222574,1.104587196763569,0.6313079656110915,0.0043144569648584236,-0.32295975456377574,1
103,1.090474387081593,0.09459138654503157,0.2005106654916666,-0.263604240156539,1.1770522557766416,-0.7058101626620876,0.8076283088395557,-1.14367513917344,-1.073286191100602,0.613453292545779,1
104,-1.4218777959044768,-0.6778673256990883,-0.4899815621336837,0.6851971254236713,0.48084611326516874,1.7585560028290652,1.0453283570724832,0.7018237903007958,2.3494874468775224,2.5918893970411405,1
105,0.7365989928195565,0.15159967403726982,-0.8344031621183187,0.8061504864369501,-1.9757301418738367,0.42597993868667927,1.7916141590020642,0.5897544817534032,1.0279033577384227,0.15701165763264946,1
106,-0.5531110260548299,-0.5067007146194338,0.9741224657938603,-0.5054575688222517,-0.25485294724388907,0.04367798791871897,0.29869392243027293,0.25988389111026206,0.02207104185698679,0.039662020638269235,1
107,0.574239039246079,-0.20420600834844518,-1.5100532444432946,-0.3901542408871561,1.5586882545223812,3.0852782207807903,1.2641100981612312,1.6501995624878372,-0.20185326580173868,2.134911650769292,1
108,0.8706413073310958,-1.4798414806399631,0.04348314838320699,0.0508721320893909,0.2886167156768053,-0.44893241586412286,-0.7765449323712729,-0.5408649761596468,-0.2879477902606894,-0.37475609853938563,1
109,-0.29299810486049105,0.05902708865923069,-0.31669388126640136,-0.16464154033297232,0.5691245958247787,-0.9503262993314405,-1.2934448254127122,-1.6762831209792426,-0.5173418917160615,-0.9382033119157502,1
110,-1.3533690953457085,-0.9898430565423512,-1.8133143287685995,-2.125543990146412,-1.279426156313522,-0.7442228287100345,-0.38812738221322224,1.3599324074211387,0.46517129358686204,-0.17575409672260217,1
111,-0.817618764148997,0.20312374036220918,-1.5174543086706007,-1.1903859011012334,0.45978170021018383,0.35072442538330434,-0.06903643160069917,1.6218716356181633,1.0002333025120287,-0.4976951712345856,1
112,-0.7341983739644186,-1.037143773455137,-0.7906008107525085,-1.0511614013748598,-2.514924624405778,1.0506687287178351,0.22478992205566165,0.26110124139590585,0.6689068521792293,0.47180641294139697,1
113,0.3249669034033145,0.5859448950946893,-0.25063591752321746,-0.07269035956160676,2.2347217376258857,1.4144038158352785,1.229321309289485,1.4270288857092273,1.185748544478213,1.6673758167771087,1
114,-0.6465418130319981,0.28882265747614083,0.6083703578331823,0.16106219607980482,0.5050537522920976,0.5461448407068489,0.7221088679500277,1.5352795885425319,0.6076876084569736,0.16384464938239007,1
115,0.15626438356718267,0.4772103320374547,0.3841839863851796,0.4831262324176758,0.6809789273140514,1.4473726951825718,0.14802110188192968,-0.3207391883655232,0.7629841868662773,-0.3746340722161924,1
116,1.102480217671798,1.1674386188793027,0.48142649731226755,-0.44311471426377996,-0.6167464250611666,0.623305933486584,-0.3446829194068207,1.8576837404826638,0.008180633002017572,1.0141139216951085,1
117,-1.9323682155618016,-1.2345746967201987,-0.946992603951522,-1.896856463439181,-1.4243336751810016,0.8466915397720947,-0.6782059773837673,0.832181699354375,-0.5889370880773683,-0.2708362922093834,1
118,0.252638282793898,-0.3949729315600486,0.4621150754617158,0.4448642102019986,-0.009201544243399692,1.43957735820685,1.2404683312515088,0.5374307506511916,0.9532597746465012,0.9191424977889212,1
119,-0.6551135928497223,-2.4089569353641815,-0.7436969793044448,-2.19268852782649,-0.011734214376557668,0.1513167336101288,0.3781011314813309,0.616225515716073,1.3227969562808848,0.5349437419960994,1
120,-0.6402459697006396,0.6480676978138893,-0.7479419508737658,-1.296702780026151,0.1836335742581206,0.362871686618536,1.7669194231514995,-0.7326147159903518,0.06949574268395788,0.620992069017178,1
121,-0.016379489016532637,0.8006055069103978,0.9873776468785336,0.40034864172372975,-0.43068062707394905,-1.2140225133727496,-0.9940115116533272,-1.2500260379971562,-0.35100358142389887,-0.37010635898466493,1
122,-0.0636247082721684,0.7714964491211149,-2.223744471643822,-1.286189628776076,0.3189718257204604,0.47512922639545346,0.5024888802034551,0.16759393449607854,0.4636256832796829,-0.07077656832158463,1
123,-0.10771366652708299,-2.0810012702658773,-0.4470385573971914,-1.0110250158073482,1.290993371628489,-0.8005454496305608,-1.1639802706691265,-0.7701050095900965,-0.33323423909651706,-1.1873372982387842,1
124,1.722358210078713,-0.22637952980466783,-0.4757464131829614,1.2830129369008725,0.7182163825618534,-0.6333111701485304,-0.0970651627689154,0.574392438779928,0.21391979097131772,-0.8648832917597784,1
125,-1.0597729429283542,0.065225240473283,-1.23580563585012,0.43492358586080415,1.5045218666646716,0.4272022017428513,0.8537769612232516,0.43929435040003684,0.2514071393677313,1.9934770492560354,1
126,0.24970303608977826,0.10739099489135455,0.05832086092836599,-0.22368504148259455,0.9640226322174184,0.281135614119873,0.0711025358663585,-0.42038132071819095,-0.2842855399639018,0.36368147122626676,1
127,-0.44439141938446136,1.516963868007359,-0.6415973616794869,0.5148462447141596,-0.3126030136650717,0.9944176217146387,0.8585618581018207,-0.1510782582796995,0.9050410684158787,2.0451135590468295,1
128,-0.6004317881638219,0.8728654815870449,0.6466094452173147,-0.63102688986392,0.4821757484334599,-1.5135825274570602,0.33822914500570506,-0.3438040129613212,0.3144799462510309,-0.4204079180157433,1
129,0.28538839829937757,-1.2366812507164262,0.366333873729491,0.6807658074819618,-0.8360494800523847,-0.4492882698237783,-0.5141238954003517,-0.9314497133016207,-0.536289442175586,-0.15553509773504698,1
130,-0.971988649775231,-1.0794646464785462,-2.3096341865023784,-1.0919179306270257,-0.4024676245696163,-1.7714839624401015,-1.1248419728758745,0.4232714119608427,-1.0548183938750448,-0.6591822404420419,1
131,-1.0645542987069985,-1.462130789997339,-1.4626018573491282,-0.6348104290568966,0.5165524660423712,0.8036998046940657,1.5695011597027284,0.42010950185717966,1.0517292322896328,0.9874137722193861,1
132,1.8903897531690028,0.5057908771372341,0.4461525836371411,1.304438584519349,1.004093104601491,0.037743565681804425,-0.8932654706713863,-0.8738834900319353,-0.5380777696060893,-0.3044858635028657,1
133,0.15410892853337083,-0.16404451788329114,-0.06615417442296254,-0.13904641963483855,0.9957039414105046,-0.6355322390548556,0.26925261051629984,-0.5036024699538649,-0.29672749078871935,-0.023678515164271136,1
134,-0.5233966317915596,0.9918036487419972,0.10760576919845734,-0.602446779794595,-0.32674455138175723,1.7617540918016465,-1.340267879696099,-0.15679978943008288,-0.2297649676567189,-0.16685797336400499,1
135,-0.9902301123014553,0.5256983629259874,-0.35578818230502307,0.06983439730601405,-2.4982127142596626,-1.0647262555683141,-1.9996546275319422,-0.6153996424788019,-1.3603486956228403,-1.4989530523444348,1
136,-0.03809167076804058,1.0345134271219332,-0.253326290665051,0.016071162139810254,0.0805603706020881,0.2105103599920079,-0.09370816486182781,-0.8743749073059307,-0.08168446979984643,-1.009327050355061,1
137,0.9575078827757435,-0.44799889612919297,-0.06496658036964673,-0.6291305109150294,0.720685934762169,-1.3808463023055524,-0.5231091763850685,-0.7578557669350975,-0.15766781643934527,0.8023820893099177,1
138,0.26534543695434626,0.9443407377423875,-0.3308932289037479,1.6535180199813735,-2.1606280042996677,0.02203199887273073,-0.8569522158200061,0.26161801209963,-0.394179427886419,-0.20831644821842948,1
139,0.4566096715794953,-1.8913359572311899,-2.0574004938105435,-1.324327933268097,-0.5562679686162673,-0.7459148661964285,1.196727099023074,0.4807178189077397,1.267971380761396,2.2948757315802926,1
140,-0.39914703467215207,-1.2293612928616366,-1.8467980396288481,-0.39511913131091403,-0.3009307161993995,0.012389444077946555,-0.30680704786717833,-0.17143247901674658,0.12328235296722925,-0.3901958851030876,1
141,-0.5342892109091332,1.7818756368259416,-0.2459577075312816,2.178348911733233,0.893784105381041,1.2013753988516374,0.40179582702788924,-0.9279744619459058,1.3125435012643083,1.0172874664536447,1
142,0.07288410485170647,0.43345642978298765,0.20677145116617943,0.9547347805040114,0.7745345235289796,-1.8462304046427536,0.0442206298928911,-1.8711108093878264,-1.3690226899960094,-0.2767504533758741,1
143,-1.021206788998968,0.23259861057108905,-0.8108591225185655,-0.306952903328863,-0.34909369658323175,1.1755450673428538,0.4573715333143901,1.0017013117823754,2.1510651122671534,0.33611657961081165,1
144,-0.7953043646053591,0.2587265517669701,-0.12346204931951946,-0.3662884707937028,0.5053634415125542,-1.3117317282258831,-0.2607699417568487,-1.7036721631973488,-2.4966269716872818,-2.414003411019801,1
145,-0.11068998878038819,-0.8036349879254366,0.9892358113670506,-0.5109410721277411,0.18607451711335346,-0.7832290106993747,0.5202595854458014,-1.2649898648519782,-0.9784263612581288,-0.8148817422728296,1
146,-0.06816265008906035,-2.1081693590278845,0.3598399471177706,-0.036453344724872355,-0.841569337976489,-0.9597331158461947,2.8368702146213294,0.04392320169415891,1.6973375550323984,1.5547283845320097,1
147,0.1755689605914929,-1.0699142749543473,-0.7166312876425148,-0.03014864751086918,0.4715342680872849,1.6433194736990675,1.0319256479391858,-0.8085940769373096,1.060922588685511,1.113495667590886,1
148,0.1853978571546236,-1.350272563436658,0.7039430673336028,1.8194324414284104,0.8059133073385901,-0.3714324802538154,-0.7905375806096467,-0.7860224629725909,0.24916296864327006,0.5359520671671413,1
149,-0.8715834698655183,-2.620622427300663,-1.3193791218705855,-1.529226070397504,-0.18762634911122614,1.160373455464473,1.0829501609282215,0.6619077402096735,2.48132457636027,0.8863048659613172,1
0,0.85328958260521,2.053073631706855,1.7567872094597343,0.32472018331082686,0.7287712848797385,1.1702852640858816,-0.006361335160345316,-0.07927888254012827,-0.28284747206040484,-0.8414197005214934,2
1,0.3099797490275099,0.8065759956404778,0.7971707707443259,0.3488491151193718,1.1885533152801626,1.1736102130623687,0.5553974031929166,2.788301903171284,0.7790326860192252,0.4236151026753927,2
2,1.809120292749375,1.0978143380989311,1.2781188440156868,2.332325879651454,1.801307608457432,0.9756263903401515,0.6729602053578475,0.7750304255976331,0.16842475544216096,1.0343640658929871,2
3,2.944171842524839,3.7055599097078193,2.3029027695168445,2.378880059939566,-1.617290094387935,-1.068737957773,0.5590524504436272,-0.5416799569516833,1.0396683606077168,0.4066782431247229,2
4,1.6071191183787557,1.3269556852974347,2.088381245438919,2.632505329026472,1.363577885990444,-0.44560045775040047,-0.27167128184866685,0.19868384434439246,0.2780680732230474,0.7516909196381805,2
5,1.4069621415523597,1.9142162324732706,0.9959486164493396,2.092796764305481,0.22236164262405334,2.6780796769190722,1.847235025194713,1.369415415253079,2.9796773873164275,2.035901364099832,2
6,0.5100726738061288,-1.3869897311534292,-0.09254424677406603,0.5343620591962301,1.4382413930175328,0.9260118168577993,0.8471465845443058,1.7012410987230775,1.8473682180411233,0.6399166385328054,2
7,0.05881809483612965,1.2932191380537512,1.8763466757805538,0.3405944669886626,1.683356254579269,3.0510906828042703,2.6276121134921846,2.261083839151449,2.4165456190267087,2.9746220626037703,2
8,2.5595616568109145,3.3788522911315337,3.292308142447128,2.529165541364452,1.1449873270011062,1.5608340330018258,0.0992766075618362,-0.952439460751515,0.2991214008493659,0.4155159351940567,2
9,-0.1087247998748595,1.2529991679479502,1.6703469902959016,0.8672743241424241,-0.4589819589869779,2.8217161695437323,0.7136716141052708,1.9242850857517797,3.1112619630254237,2.5254253288244093,2
10,-0.3687394401758082,0.022772080383845483,0.34404670186745456,0.602789196179719,0.3021900998732696,0.40882355169924744,1.8560381912311148,0.4917941460228662,0.04515482093179424,1.071133543843742,2
11,-0.2938608730715877,0.4771011654291707,1.1973182747364275,0.30735676441539095,-0.0629287623723509,1.7005508534511753,0.05100101077351438,2.8291735155185473,2.7767852315797397,1.9504641103949647,2
12,1.9763538369106974,1.2273596864144123,2.7767837715944745,1.4075033663811503,0.06831843784036351,0.4979061098200017,2.2701888472578915,0.8121375519955528,2.063135296556487,0.22253401011433327,2
13,0.8921853464514733,1.1050857085398222,1.7122375109962922,1.6902907471650197,1.0810832057979258,2.7391440500445245,-0.12081822038760603,0.06025251893985939,-0.3037552029280246,0.46586221930984995,2
14,1.2688431772394173,0.21322482081910965,-0.6640796113355616,-0.2249522381167599,0.04791592835117975,-0.17613798368084632,0.30253291702633434,0.9399361733473951,-0.08099310581301,1.727689089288714,2
15,1.5861987634349488,1.9034281866772806,1.6705867810220052,2.285249367147361,-0.38955023847051606,2.3821947357201525,1.9277019796327899,1.4033928295005245,2.716998332263144,0.8424506592628462,2
16,1.0344576404905428,1.599487137397207,0.4092267029645711,2.0401329570449453,2.2567374708813324,2.339215934057723,1.0724954777431104,0.7075634303902067,2.4227170486823772,2.816867852297003,2
17,2.9286239700155217,2.2605450332633046,0.685631071579016,0.6111336562058289,0.42739818268936647,0.10457685364577862,2.2942515710391005,1.1881295661017484,-0.16832115163827455,2.3212159603221303,2
18,0.10540388013801816,1.461021602618874,1.6396118240355633,2.1787500461061238,2.6485510899956077,2.5886283359432434,0.9849406400521414,1.0430827651282397,2.729558132823996,0.9838858701103147,2
19,1.450422361654571,2.183201328997813,0.8766992512058664,2.426308104417129,3.1722705158214577,-0.6788347786862143,-0.3299133451765337,1.0324224119061831,-0.18003061421993838,-0.6268707129338436,2
20,1.2127933097801569,1.9712590264690575,0.1331680744391246,0.33561543135310357,0.9894738245789851,1.7530107254093201,2.1411704636159974,2.7274964253998277,0.11309883870468451,3.258002720852247,2
21,-0.4852248027436732,-1.1612080773180673,0.6081775743334501,0.12545071196790147,0.8230634427746281,-0.7816740439159922,0.3726833341556006,0.9265647860926874,1.1303203087497176,1.598753295395317,2
22,1.1030295922480162,1.4442732601273622,1.0839844131627645,1.8220380985220674,1.6335088707785932,-0.11196578022813064,1.5900368586460463,1.0920884924073035,2.2899045536715885,-0.0683624811618797,2
23,0.10790081422849829,-1.1450798871313603,0.8479035380158171,0.895954244682281,2.569755509912194,0.0016654384133142353,0.4585644033741576,0.9152586903801384,0.14158466061517927,-0.34555844764631605,2
24,-0.623358109035228,0.2237669972686548,-1.0284482457833057,0.0444828522134878,0.6279353189900401,0.793890196376722,0.3215713848767512,-0.34645180275984555,1.871334719820779,1.06253472748311,2
25,1.7543240475568904,1.4442034803249129,2.0403336031024235,3.2737585124016864,2.306830585767448,1.9449773478700627,0.8833799914936191,2.0316447043084884,1.9237918253955484,1.9395521278994277,2
26,0.24799153107152383,0.6832921669220866,1.495764258129196,0.5923215317697001,0.7088678292056618,0.7084560917012264,0.26064262701032637,1.437420954986007,-0.08274159874739095,-0.7032619704316327,2
27,1.3764289741740676,1.8060665833025427,1.1153910454494722,0.848900484543381,1.0047678317763125,1.9372591325966182,2.24368650784219,1.5204411697461317,0.24038162316440526,1.9918268045886864,2
28,0.9656377552600205,0.9138098764308893,1.0339955838211652,0.49429793100798014,1.8395342227862144,-0.8367068358164029,0.07209770655367587,-1.2211638555431734,0.44040842136156133,-0.5649276122411822,2
29,0.546836088578714,1.697463286293611,-0.7632386065753296,1.2357534073217786,1.8736742226670051,0.8697127784684904,1.2796496486667452,-1.093361488473601,-0.10461393319579537,0.44597083580422014,2
30,-0.06286107764489546,-0.9339422896938381,-0.7982270804838791,1.1389045001404312,1.0748760978886671,0.8829930647578464,2.488576093728925,1.9570279252026475,3.2248743519889205,1.512279795647658,2
31,0.6389751442595759,1.8442840738006483,0.23498157104298756,0.9276704826775016,0.44831975618898867,0.018106609600054835,-0.5507628523206733,-0.20571362013947048,1.164671910449318,0.6655081702614659,2
32,0.0834090103564894,1.4482096881190143,1.293838783573367,1.5453122280445688,0.14062868308212406,2.0955540830589086,0.38812381806828955,1.686138690135148,1.2993995894064236,1.7514003751134262,2
33,1.1692900555845862,1.5444277469219216,0.6474056017336414,-0.0988186736796477,-0.03446298119994862,0.7485498757434563,1.507352389944889,0.15791321085344645,1.1749604892152892,1.2271232342292222,2
34,1.0273159593140673,0.10911334256954297,0.5790620199463772,1.4435637234689382,1.225189434299651,1.449237792712096,1.928551549527532,0.665660234433336,1.049736407192972,0.45906384172113623,2
35,1.1386869666111779,1.6055980262863554,0.19306395115753994,1.789835849179192,0.3649125808528034,0.09867085331309189,1.2290748297439031,0.10326840866251763,0.05404954999655276,1.8365389316766652,2
36,1.0743576634092722,1.1454209058740263,1.0040474862394126,1.3227400290198776,2.8482333679679015,0.687014506817492,-1.2647951063629712,0.550283602931919,0.012096490132069149,0.5345040231884152,2
37,0.595577530946215,0.685811858993266,0.25729759363344884,1.680474779959216,0.5416979619952453,0.6278330271367877,1.0266889778775572,2.518057658477755,2.2779577077040956,1.5987148650906513,2
38,0.4304777911540357,0.8014882028683212,1.4996057794053717,1.5296173055770472,1.767293626487417,-0.5176860346598153,1.4418703334608616,-0.05018693186691392,0.32317074226588116,0.8966427424760167,2
39,0.33647573813033727,2.1390318345494395,2.206464687360195,1.5598824719788094,0.839761884210311,1.4799982903581514,0.6899973870268723,0.711247906140302,1.757725908279697,0.47697166063201624,2
40,2.033435861842123,1.791885212501683,3.429501588363894,2.3227227184824404,0.589783180728334,-0.010110683048640157,0.9197111591751013,0.4286305578827557,-0.43363969038293115,0.47947665479487744,2
41,0.8168169561711514,1.4321157603148744,1.2187382219647998,2.1600638065143385,0.8986192187992845,-0.09904078974348596,0.4933308718833015,0.11226363485102708,-0.07128515397219903,0.12006989823285674,2
42,0.22093433987716338,-0.5231655372849469,0.09394030795001973,-0.49762594231670665,2.007566985398126,1.428001346684149,1.903510584003677,0.8033114340401265,0.6435382780071134,2.489354331377292,2
43,0.14051759098564875,1.4955949049948989,1.6078250647582428,0.28930255335369537,2.08441856343288,-0.38740236810061623,-0.11726769331124332,0.14434985850478632,-0.3357866186691483,-0.8927478671832634,2
44,2.2806407393338706,1.9603969626089635,1.7085548502530385,2.437997924034025,-1.1990579909687993,0.22167360851149143,-0.7199952974431587,-1.5619227893609007,0.38372021441862836,-0.15652238686967146,2
45,0.6743690642227591,1.3972461856826055,2.6600187699988567,0.6969437020502575,0.4903312593862529,0.27668890001562685,-0.3749392995985896,-0.5001116409607063,-0.2853024370725752,0.9270197264173733,2
46,1.3397324305330487,2.458584405012786,2.5782813310838906,1.8365210995813515,-1.03590243500699,0.8709449766749207,1.251874683281487,1.8508692021940218,0.7937184223984234,1.6772937080864478,2
47,3.049915924288266,1.6497135292046052,1.8294629057243716,0.5052136885440535,0.7008467291391505,1.7706752519834663,1.9051737469822934,2.0263394599669233,1.95677241435072,0.29161219589000664,2
48,-0.9732723160292227,-0.9980023981521666,-0.3922315967772507,-0.5060131610910001,2.177070220220244,2.139282045112865,0.06515018009879403,1.8541718038547443,0.48945965487179277,0.9620297665149116,2
49,-0.02054292392648116,1.1455016032947314,0.40530493558024205,-0.5163541189335521,0.5271244409704473,0.4437673247330717,1.8233760970851915,1.0316208321343496,1.7348065880562666,1.6347931847074852,2
50,-0.4318671077420577,0.7715462493663916,1.3763002813342964,1.5288817714557918,0.5518881939064846,0.2345213795590131,0.8780931734335836,0.6302172091885037,1.0911319407195343,0.27014658734444863,2
51,1.1056952141987184,0.6694162343475238,1.9853471335333484,-0.1181456482684784,2.496995247661273,0.3190840918496357,0.5878578231740045,-0.16682789156770705,-0.5401563388002117,0.8612349615696238,2
52,0.7677449966606364,1.5208660950146085,2.528586431621653,1.6958729188368662,-1.1721227104650143,2.3058702653936063,2.3064850160281454,2.9755459821594936,1.4027682138642406,1.9366245423077855,2
53,2.082640879186486,0.7192933803419662,0.14230268388757872,1.4524619152790397,1.6662437992860968,0.2608079840773905,0.41704532767988955,0.6018903829500879,1.862216678618371,0.6549987440444178,2
54,-0.5689482887061381,0.6990319675074788,-0.10804591986692591,1.1000535412736225,0.10586303183660639,1.966605870594442,1.258261956041202,2.0634193540854264,0.2457516227167621,1.341655228944576,2
55,0.714088426557403,1.4954286740062361,0.8349522221977663,0.9463338657292168,0.11589445419820532,0.2701113378374561,1.6972956199882607,0.7045121597014838,0.856631105350699,1.9389594046585232,2
56,0.22484468155614024,1.2337495514039967,0.0044980821401071625,0.25195195108682555,1.9153761413074752,2.822265393533944,1.121100914618437,2.2568158870330848,2.686153075008754,2.3563509105487874,2
57,0.16711894720484566,0.9635409249153982,-0.05082425979856309,0.16503541256204324,1.0339287983914027,-0.010947651571338923,0.5630281543288023,0.11640206036010803,-1.0691309839690213,-0.491840297842687,2
58,-0.0034875468436597057,-0.7513461533214549,0.15221321664959342,0.7073831901686912,1.9846295039767348,1.178970638140672,1.7672397894610583,2.5549795405947124,2.4037814480256023,3.008634049389764,2
59,0.5806603072693414,0.7468821265125061,-0.1303683653257528,1.9822537539805833,0.9727651894395046,0.13696013349014824,1.0333719781846653,0.9082210723987899,1.146422305369435,0.7648448097662908,2
60,1.3327238139070103,1.4509900880829283,3.202659420760787,1.5093107126886829,1.420755199853076,1.6487316875239328,0.7282278074955517,-0.6932082051454493,1.0177620925319721,0.4293927884271158,2
61,0.7914747844034368,0.8784546087608016,-0.17286106546238256,1.2991405491054788,0.7673971159190033,1.7673534940516178,1.5193446695903108,2.0287813444516374,0.032585898626439236,0.9495933785856413,2
62,2.1123845242239114,2.2823290926126223,1.1813824665493042,1.4566313366650956,0.18838998942715968,0.8711035753059598,0.8611748449333784,1.9206356285661945,0.7540580536048938,1.7573052811798624,2
63,1.859476996699522,1.7746473038592852,1.410818694101964,1.0864868784851298,1.9194471844182162,-1.0716135096496546,-0.1709168181515921,-2.0853055625458845,-1.0617275324920108,0.010788377334689514,2
64,2.379179322008999,2.968317996526483,2.3155204806912906,3.1683539056040897,1.5790872157500357,2.3737522706362366,1.696997437035099,0.8715021271721044,1.925535618690754,2.330372104572754,2
65,3.138138549655673,1.573995223313168,2.3300912264760365,0.8093450098431337,-0.9931365457322752,1.5741151743427666,1.8556623416123186,1.9590279076326693,1.286408396972222,1.3777677855739836,2
66,0.21195030832579165,-0.4411531601941827,1.054378988006423,0.3024015537954817,0.8413932301063526,1.6118805888460828,1.4205801801507063,0.6829163966955414,0.5349278162171054,1.610347346594423,2
67,0.7993393439216732,0.24327499173936884,-0.4141987679177652,-0.010474690840149403,1.681401910133606,1.389295847906061,1.4247471502159286,0.950637496296581,0.061120633056794604,0.7995289632486198,2
68,1.4764098077353154,1.7205050710985192,1.0149327696155421,2.6086183291372285,1.2359899810321977,0.9521506818538753,-0.5085940201205665,0.49090391559132396,-0.4103753079581962,0.8125125535353026,2
69,0.8449355159728396,0.9385964531686039,2.2227063655370363,1.1289159200492147,1.2347712810509073,2.51576500673987,0.7446916364184764,2.406733446170241,0.7881936309327282,1.453346630646804,2
70,0.490080466595632,0.6712866209267078,1.4339388151223753,1.2754663984623646,2.1724491875207432,0.5623368345085216,0.8731396542509604,0.7753901754761756,1.5689694714811975,1.6299768947738178,2
71,0.3658208924549179,-0.5136677907114142,0.5132356692886297,0.6541229723998014,0.7375322979317249,-0.10113452180781946,0.6659417520160384,-0.7792355912058295,0.21991651662882172,1.4574755174956222,2
72,0.10959057302704034,0.8487645835964561,-0.027766925934981312,0.8960852020705166,1.5158867189559166,1.8750823076268253,2.274413245309269,3.0944044718126733,1.5823978983041198,2.9543570460857222,2
73,3.1612881613660195,2.211785056254493,-0.17506705462842165,0.480948126790113,0.8395647919239728,0.8160682656440116,3.408461466473198,2.0678061762623203,1.109817124407898,0.9834839919397581,2
74,0.6219820711927893,1.563664761027506,1.0699541695224246,1.1346098628920962,2.20399357908296,1.150755951875488,0.6821179734992685,0.8418379969409266,1.3533062118925157,0.9010394039967775,2
75,0.2524613065213095,1.9090765489731774,1.6792563817599193,0.17218079105176987,1.9580685182660604,1.0714810715678154,-0.3578474276454038,-0.5724072845938826,0.8896583748656587,-1.0704179911359137,2
76,1.4183169425090523,1.4298999353305064,2.093200162868812,0.5667724634952491,2.503561224110296,-0.2700757300446768,1.6206932781200958,1.6986465715429269,-1.2117945397057315,1.1355157244575491,2
77,-0.08040828365617125,1.1021315071008,1.5805417074309336,0.8485098228257466,0.122753138688388,0.7261922405855057,1.3603026464793735,1.3212209887948156,-0.5768152169366807,0.9397092547942603,2
78,2.339984808882532,0.3561136434570509,0.21259489339657833,1.346208351675037,2.3035754514576023,1.241413163734526,0.9433719124164252,1.6132291281556794,1.4081457678425953,0.5626284591065367,2
79,1.6147124985821288,0.3051205365321231,0.34851801891459644,1.3686706634299484,-0.5585941928171034,0.24629379425210118,1.1633222841514306,-0.16468699366736606,1.6855597433828844,0.9873943916915875,2
80,1.72170297426597,1.941485964078808,2.225509166333805,1.0348579327729286,0.399549458444195,0.9676769201633384,1.8638681250514908,1.7545601900581413,1.166031218230215,1.9721008939725548,2
81,1.581500235542351,3.797838251308644,3.9447740466734134,2.0016746343704916,0.39792937764474234,0.29842598515556873,1.2052544596777852,0.7311932863880597,-0.6972798161719547,0.7565541029046232,2
82,1.8573964566815944,2.202075354352208,1.833799557633928,2.1315985960948978,0.012379287295937957,0.5376230876868253,0.3842734074634774,0.20779073694147554,-1.432426993130285,0.9055898382375009,2
83,0.9815240670772885,0.3535490215305118,0.34514895380700295,-0.026810987031751887,1.9819936577191597,2.365878864700983,3.2977513842073747,2.2277763450293393,1.2176609934597697,1.3334719269516653,2
84,1.341053710932811,1.2746329374207666,3.1203298840579463,2.8136955033553432,0.5381504950589535,0.6770299832742463,2.1673819132652,2.287097929241937,2.2109502480986487,1.6662255222675975,2
85,-0.3227141329325427,0.7110327983329641,2.529003197493762,1.094789480504655,0.9547935302896816,1.0725867527612405,1.646631324808667,0.8729963418330492,0.9517423027691828,-0.2651981872325495,2
86,0.6528936592210186,1.0426409334504916,0.041248449472079174,0.5536825962777583,-0.31889682743322,1.4832670578644533,1.0895075380899883,0.13639118174770104,1.293272547610416,0.7404238538753345,2
87,0.7170875726853685,1.926121206984592,1.3193519797386484,2.4544933655251873,1.2863311024692068,0.27003569155981033,0.37085808325710923,1.0976656072720308,0.9634099693429856,0.4122349584681355,2
88,0.4832293489025722,0.9447055383338356,1.5547499295813756,2.339539120641694,0.7434051415895709,1.1361306421582498,-0.2744634681803497,0.15463362190106156,0.38884706668022573,0.5924917502517978,2
89,-0.6361464714898357,0.17658633911561894,0.3688405383319947,-1.2676334726132663,1.3162692813903925,1.3213172816699652,4.168743953627089,1.4789164483766046,1.1647965365202002,0.42849504992250087,2
90,0.27998965708627,-0.5859215612468496,-0.39799802472182266,1.1019271387802636,2.7642495790385695,1.2181683429692227,1.4031999349269269,0.4254972266736522,1.448205920276878,1.5718622216708846,2
91,2.105514028838705,2.1531419031332284,0.5703735346844482,1.0011511674462548,2.7483619661547163,0.7169012127774568,0.3196216805859293,0.36760803319347135,0.33355240035071465,0.3406810666697644,2
92,-0.6423736388100794,0.7142430939711646,1.4971632884461497,0.26349013596468285,0.41334020356001255,2.429314909652571,2.256039847071225,1.5442929083753245,2.2241459878120438,0.9699135986190369,2
93,0.07849204904258156,0.5807439368656575,0.12546054211013857,-0.6676847729845132,-0.09119055675419663,0.31960339148549477,0.9092470365677819,0.8318291183272151,1.524234736290151,0.3417316380489961,2
94,1.6986864346113004,0.8099129944918602,1.0746960697189853,1.3500043492651859,-1.5822347976523288,0.24869786895313228,-0.8794713468845954,-0.3581060994216352,-0.010088285892508875,0.5873518029355429,2
95,0.3013181915459515,1.5475329872953805,0.9821497919330003,-0.7296150731274524,-0.7761734421419468,1.5115920509655119,0.8822893792772174,0.5325951355335912,1.6326008003045045,0.11778726008045037,2
96,2.4871915866947645,1.6817412428076217,1.8530848460091163,2.064519815000735,1.0941731578465828,1.7774871715607543,2.1082194912546868,3.8178158119136603,1.596998695420424,2.905283390201514,2
97,1.799464762606815,-0.49079033737551336,0.7465145976218013,0.08891845781230379,0.0008904871187371821,0.10101774228110383,-0.2802378469625775,-0.31910805545523657,-0.7494670531791254,-1.5549063241399526,2
98,1.449920605317461,2.1629482402580513,1.5995902684948138,1.9678097575284927,0.12476061285508366,1.18027315240669,1.5350581349742223,-0.4896263919115251,0.9216998821692958,1.7394429493398622,2
99,1.7931148043748473,2.014717980564216,2.340623120571689,2.11801071112385,0.4530280869610833,0.36707054821418117,0.5033175706224879,0.19270034519970236,0.89535776762072,0.7062260752061731,2
100,0.539203507610746,1.1144225246416917,1.8298294364548724,0.5579558580402479,0.40532374228042045,-0.6310745988488262,0.6146971959719263,-0.6062353203443087,0.5554768518717593,0.8690079116933858,2
101,1.7602153602295814,2.2065188559219977,1.8117067839587566,2.3928917282694773,1.5489951251882252,0.43842708129764085,1.690941966751648,2.29398474077019,1.665515262632577,2.1313038980316,2
102,1.1801511044956658,-0.26069565054686206,1.4794618025299509,1.4186443279944374,1.6083553766915522,1.7209100219412945,1.9375330320197044,2.227885439102865,1.9974682710916518,1.832900708679251,2
103,-0.2056271922187871,0.1541467557295697,1.6597082659436708,1.0229732417530475,-1.0883470416843757,2.893871533837913,2.1157673610523053,1.252633178191224,2.4587186506776115,2.085242073161184,2
104,1.212779912613614,0.8589031451359666,0.22727174092774127,1.2312681442504156,0.8488141781194092,0.9374744819774912,0.027867703429902413,-0.48122737279056493,-0.22835103091573195,1.2323451400048009,2
105,-0.23726239397796745,-0.2705729309202305,0.2350505801888123,-0.9708163316371281,1.6126584867054992,-0.7703508689220564,0.2651980089318662,0.4837320635202753,0.4010201376463709,-0.554821896594897,2
106,-0.09858840202434149,0.042961893222983605,-0.4303355862190481,0.595413961587593,-1.182425399509166,0.7704922273597807,0.7373353714962525,0.3668629791923058,0.9403948067106058,0.7215861258430307,2
107,-0.2542943485146729,1.9757211651003443,0.6858752561709272,1.2595286004248911,0.8670342181398583,1.7670847894757737,0.5592260431925864,-0.21431186616913944,0.582128092422176,1.9607222313026993,2
108,0.4968300792171293,-0.6893641881202255,-0.8928705057121131,0.534458881224724,-0.1664641491312413,1.941872402234963,2.3519340966367617,2.802627225555748,2.2129717267674747,3.5076500507526465,2
109,1.2774400794709009,-0.48628992932214055,0.6371097113616748,-0.262677781729195,1.3417252213234678,-0.5206960334580042,0.25187667362390753,2.1702872673357216,0.8663948976925547,-0.37061825716397334,2
110,1.6109097262007206,1.282223973159899,1.4809345977425985,1.8876943234927623,2.224947014327952,1.5028901092149232,0.055961338333783694,0.09221523955412692,1.2480583738171942,1.109188311839795,2
111,2.7654629904406995,1.6773816719700816,1.734892707445495,0.9742305419442687,0.5390176269246899,1.6771695705572371,0.5454938442032158,1.5635430274576674,0.014563762988591522,0.890467964607483,2
112,0.6234179420358696,0.6956624844175352,-0.34092252083671704,1.1104125949238202,1.026131979530616,0.9685582718191372,1.263907094712692,-0.09433040431629114,1.0116952792133262,0.019448032683762606,2
113,1.0456498493379272,-0.25495837973109414,0.3048064667401834,1.2687433904491021,1.3207619806555977,3.17572337187435,0.821782786859376,2.068458878085596,1.7923901607007193,1.9530539951506474,2
114,0.5459060285695112,1.3624384242667598,-0.18866124716359267,0.7192608397492329,0.8814582498908212,1.1647791751826875,0.9930538037466276,0.47207610576901826,1.3411417969506152,-0.8717615391663625,2
115,0.9681799757980935,2.0114122104044387,0.830014763399002,1.4963958195248126,2.740675064035518,1.442702168877601,2.0119419279983974,0.7022653651568185,0.14860800671323016,1.1795901125607664,2
116,0.5555750629376712,-0.029816662001966865,0.9376618252199727,0.08006150501706799,1.978327542602826,2.0505839082868427,2.1232849289486486,2.570939788821584,2.237033586308951,1.9730046218751862,2
117,1.5992734363309602,2.1401154218118474,3.2892615703044816,1.2570942465648078,2.799211810942495,-0.32150296428463765,-0.8040605216363104,-0.08937527868938688,0.6116733676082782,-0.259814610862783,2
118,2.827561061088479,1.9137987252502762,2.1355341602886715,1.2525124299218127,0.437170955564416,0.8579430813427324,0.544522307065149,2.0165548872834136,2.3874834990616165,2.440800237489541,2
119,1.432338759511454,0.3311263765813178,1.6442076506586734,1.1369504479710026,1.3980717878807534,0.6090765095301305,0.7242072898229357,0.5006167754909715,1.679911036580612,2.04696970958872,2
120,2.1904104181115533,2.4792864716707657,1.3071965673252008,0.619037260099243,1.940218905118492,0.45870164497591726,1.9871957177535273,1.126938959771985,1.6595952096274307,1.5239784948769364,2
121,0.2947344043099537,0.7848430307156552,2.286343387987637,-0.1665764748129006,0.7369187470625191,0.8395651258536669,1.9359874521960692,1.4831293499725153,2.0076080212783958,1.4111365069459978,2
122,1.978053285514007,1.3402479247909673,1.932279397342299,0.7847693396680875,3.306927273971173,-0.31092556900956625,-0.07709249109060168,-0.21660650405417115,1.0518379583903088,0.9983673254460536,2
123,0.8367577431944772,1.8787150010090812,0.8531645895236158,0.7390075215206953,-0.6243589631658872,-0.6910774496421763,1.6138704288778412,-1.2749656781745147,-0.6694144647116798,0.23237101329304533,2
124,1.1978694499110514,1.3097178803547735,0.8887801744233413,1.6016574738793623,1.6695926959117036,2.1073947050257256,1.4030714843157304,2.1163294327173725,1.4130003070414232,2.3804721943385285,2
125,0.2852911728573112,0.6150597769605723,1.3996392267529496,0.19053876811143067,1.5931235663760104,-1.27404954496878,-0.8497696741554837,0.6042224932366997,-1.0416315401692229,-0.5323035035641015,2
126,-0.013527474011223006,0.3048254944780393,1.3247641105039558,0.4335064715920959,1.676281510635874,0.9317557543190369,-0.22312735279291962,0.19122154101745148,0.4145135677666495,0.4601433656208136,2
127,0.9498320312504329,2.2309190394674205,2.3277665349953933,1.2674927161700877,1.5625417835249031,1.1988772180657732,-0.6837857446866167,0.06262830350847681,0.24042240558784744,-0.13246260024193424,2
128,0.7245789399483571,1.4826532596441853,1.6626302269168856,1.7507499313788717,1.242410752426199,1.7661970412446215,2.6102750401089825,1.9011569367092327,1.2518814449368432,0.3086405373281291,2
129,0.11761255132395176,-0.42218081052039635,-1.08044051764921,0.23606588505953918,-0.847187510881867,1.5834867188977153,1.0820632964255847,1.406949571674519,1.7505177103370784,2.6792775406833416,2
130,1.4226760639628808,0.8148250478281039,1.9045267466165892,0.7481511543224331,1.580177644712597,0.48035739877777095,0.7640167332081422,1.088253005503552,1.697328263179917,1.1025424583497259,2
131,0.40972855103062666,1.5276068736972466,1.0463047731945834,1.1050472038056642,0.9969077620424431,-0.5289990576758701,0.5542306476516263,0.07858417654585814,0.7157348692036064,0.007232418006167585,2
132,-2.1695361535078694,-2.1472604544554317,-0.1297246495487161,-0.7063315361695932,4.135047340087906,1.5541049789959667,0.9667809138649717,1.008216289076988,0.988639349396851,1.86039105520437,2
133,-0.17521208640772867,-0.38698919316772007,0.6549673922610222,0.08580283651548137,-0.21437336347644242,0.4448867591538449,-0.6409941592362831,1.549503763845594,0.11337863991060926,1.8439012493186826,2
134,0.2249594709301559,0.6256278750283486,0.5167143432315329,1.553131353817335,1.3248685522382848,0.4445241257814021,0.790699805835108,0.5236650987267222,1.6397405314003781,0.6453118303847587,2
135,1.2837630262175952,1.0644021421867325,-0.16013849570036842,1.232138844558442,0.33110450037434624,2.7853598885235846,1.9640152413885517,1.533653268494792,2.02881478815301,3.0146246005666266,2
136,1.6230865681142406,1.5219952523222484,1.8937365897003895,1.6780853234913002,2.254886871425663,1.5559999236159998,1.6142454616558382,1.289977989174512,0.8741517879798872,1.6831704811526196,2
137,1.1060041011869355,1.9132447739827896,0.4055612164343525,2.1135473973531553,1.0882823106652884,0.8149555195655271,2.2370760843213295,1.6625573087281111,0.6642231541596624,0.2505368865941825,2
138,-0.6973314461124562,-0.8572081226927424,0.12082375818884272,0.0862726065675894,0.5348136528724405,2.12479769918589,0.31297153222672813,1.2706282525134696,0.9424239789527714,0.3053440840138659,2
139,0.22593060866577652,0.023888114867875676,0.3327254697535148,0.5827681585022153,1.4951375782168623,1.9894996333921395,2.1156261793462945,2.433533963901075,2.770024101962919,2.8408300250100593,2
140,0.6420965881548137,0.18685809172045031,0.371204813843533,1.167735612496623,0.3406735490032944,0.8111486005748455,1.3513175859712698,1.4540779300218483,1.3394694040875488,0.8565553373772646,2
141,1.0638433434907406,2.5055505490095404,2.352685608913666,2.684379673175114,-0.8358990412908596,1.1412844587426514,0.8552363801095292,0.8599721776748486,0.12065422027184325,1.6571834633111904,2
142,1.8799539912903682,2.5447432483267765,1.55161029936715,1.6261285418972613,0.8321819034294526,2.4822265736031337,1.7171913751782915,1.914977427775756,2.637573256222315,1.8014856422839172,2
143,0.608541202873981,1.4550939703346624,1.0897176756733042,0.46091824920324276,1.355172677803738,1.066755827384388,0.1630540585113892,0.05418688711706943,1.8562815401128197,0.5321659744678799,2
144,0.37636902297742436,0.6936130249244454,0.9639300826468501,1.8322704638070466,1.3074892026502556,1.4735023870110224,1.848055641276833,2.00057114077903,1.9283293086056885,0.4015269988882888,2
145,2.1383532992470613,3.1053641898769335,2.569735060033299,2.0383395185970743,1.2749725694405034,1.5858220195144583,0.3304560660694439,2.6356894044473993,1.040937117898072,0.032598138062757465,2
146,1.518095206720662,0.6762130483199962,0.6277405946460177,1.3273294895266035,0.8107713019562681,0.6958695490528837,0.6561279206852342,0.036891557591422375,1.1606585089667407,1.6978807255707973,2
147,-0.06143170634037043,0.8398918574165919,-0.9803067534917722,1.0370836267280363,1.449597691913957,0.8724497906227695,0.48364448716526665,0.19652348502456052,-1.297987101235349,0.5567923791289354,2
148,0.6511168425607706,0.7285958147185692,1.1517215205935893,0.803565704967476,0.4121018974986045,2.1046215724719817,2.342416246532258,1.3718055028576521,2.105475887302654,1.9483427947919596,2
149,-1.0347967243175908,-0.3140511845870657,0.8880348986883108,0.7373752845499322,1.1650850837802196,0.6169745061555234,-0.11969578060529074,1.3281848473446685,-0.12995262206117753,0.6521946976585641,2
